--handset zalex14:1
-- Таблица информации о приютах собок и кошек
INSERT INTO shelters
(id, telegram_id, title, information, address, latitude, longitude, phone,
 working_hours, territory_admission, territory_staying, security_contacts,
 pet_acquaintance, documents, travel_recommendation, child_arrangement, adult_arrangement, sick_arrangement,
 handler_advice, refusal_reason)
VALUES (1, 40456732, 'Жибек жолы',
        'Общественный фонд «Жибек жолы» - это благотворительная организация, целью которой' ||
        ' является помощь бездомным животным, оказавшимся на улице, без хозяев и дома. ' ||
        'Свою деятельность фонд начал в 2013 году и открыл свой первый приют  неподалеку от Алматы.' ||
        ' Спасение бродячих животных с улиц города Алматы и пригорода, размещение их в приюте, ' ||
        'регулярный медицинский осмотр и пристройство в семьи – это основа работы фонда.',
        'улица Кунаева, 62, Алматы', 43.262654, 76.949651, '8 771 388-8111', 'Ежедневно 10:00–18:00',
        'правила пропуска на территорию', 'правила нахождения в приюте', '8 771 388-3121',
        'правила общения с собаками', 'список документов для усыновления',
        'рекомендации по транспортировке', 'рекомендации по обустройству щеноков', 'рекомендации по обустройству собак',
        'обустройство и уход собак с заболеваниями', 'советы кинолога', 'возможные причины отказа в усыновлении'),

       (2, 65148379, 'Ак-Босар',
        'Благотворительный фонд «Ак-Босар» - инициативная группа неравнодушных людей ' ||
        'спасала с улиц бродячих животных города и пригорода. За небольшой период существования, фонд' ||
        ' провел ряд благотворительных акций «Звезды в помощь бездомных животных» и организовал ' ||
        'пресс-конференцию на тему «Проблема бездомных животных в Казахстане».',
        'Новая ул., 58, Костанай', 53.216128, 63.718504, '8 705 467-7363', 'Круглосуточно',
        'правила пропуска на территорию', 'правила нахождения в приюте', '8 705 467-2374',
        'правила общения с кошками', 'список документов для усыновления',
        'рекомендации по транспортировке', 'рекомендации по обустройству котят', 'рекомендации по обустройству кошек',
        'обустройство и уход котов с заболеваниями', '', 'возможные причины отказа в усыновлении');

--handset zalex14:2
-- Таблица кинологов
INSERT INTO handlers
(id, telegram_id, telegram_username, full_name, company, info)
VALUES (1, 43691132, 'mansur', 'МАНСУР ШЫНБОЛАТ КАЛЫКУЛЫ', 'Дом ЦВМ', 'Призер соревнований'),
       (2, 44628132, 'hamid', 'ХАМИДОВ РАМЗАН ИСМАИЛОВИЧ', 'Алтын ит', 'Диплом администрации Алматы'),
       (3, 49697132, 'mars', 'МАРАСУЛОВ БАХРОМЖОН ЮНУСОВИЧ', 'Alfa dog', 'Грамота президента'),
       (4, 40693132, 'abdul', 'АБДУЛАЗИЗОВ АЗИЗ ПИРМАГОМЕДОВИЧ', 'Союз кинологов Казахстана', '');

--handset zalex14:3
-- Таблица волонтеров приюта
INSERT INTO volunteers
(id, telegram_id, telegram_username, full_name, info, shelter_id)
VALUES (1, 43691132, 'mansur', 'МАНСУР ШЫНБОЛАТ КАЛЫКУЛЫ', 'Помогает собаководам', 1),
       (2, 44628132, 'hamid', 'ХАМИДОВ РАМЗАН ИСМАИЛОВИЧ', 'Помогает собаководам', 1),
       (3, 49697132, 'mars', 'МАРАСУЛОВ БАХРОМЖОН ЮНУСОВИЧ', 'Опыт с котятами', 2),
       (4, 40693132, 'abdul', 'АБДУЛАЗИЗОВ АЗИЗ ПИРМАГОМЕДОВИЧ', 'Опыт с породистыми питомцами', 2);

--handset zalex14:4
-- Таблица клиентов
INSERT INTO customers
(id, full_name, telegram_id, telegram_username, adopter, comment)
VALUES (1, 'НИЯЗОВ ТУРАЛ САБУХИ', 1445698132, 'diaz98', false, '/start'),
       (2, 'БАКИТЖАНОВ РУШАТ ЗИНУРУЛЫ', 1445676133, 'rush13', false, 'по рекомендации'),
       (3, 'АБИДОВ ОЙБЕК СОИБЖОНОВИЧ', 1445634134, 'abide4', true, 'старый клиент'),
       (4, 'САИТОВА НИЛЮФАР ШАВКАТОВНА', 1445678135, 'saiths7', false, 'личный визит'),
       (5, 'Андрей 921', 1459742725, 'zalex14', false, '/start');

--handset zalex14:5
-- Таблица питомцев
INSERT INTO pets
(id, nick, age, sickness, description, breed, available, duration, schema)
VALUES (1, 'Айбек', 2, false, 'особенности собаки', true, true, 30, 'SEEKING'),
       (2, 'Болат', 3, false, 'самая ласковая', true, true, 30, 'SEEKING'),
       (3, 'Рамазан', 5, false, 'любит косточку', true, true, 30, 'SEEKING'),
       (4, 'Жасын', 1, true, 'самая обучаемая', true, true, 30, 'SEEKING'),
       (5, 'Гулназ', 3, false, 'особенности кошки', false, true, 30, 'SEEKING'),
       (6, 'Айна', 1, false, 'Домашний любимец', false, true, 30, 'SEEKING'),
       (7, 'Аиза', 7, false, 'любит кит-и-кэт', false, true, 30, 'SEEKING'),
       (8, 'Тайя', 1, false, 'Малышка', false, true, 30, 'SEEKING');

--handset zalex14:6
-- Таблица ежедневных отчетов
INSERT INTO reports
(id, report_time, diet, health, behavior, customer_id, pet_id, photo)
VALUES (1, '2023-04-14 11:45:41',   'Рацион питомца', 'Общее самочувствие', 'Изменения в поведении', 1, 1, ''),
       (2, '2023-04-13 12:48:00',   'Поедание комнатных растений', 'отличное', 'Изменения в поведении', 2, 2, ''),
       (3, current_timestamp,       'Кит-и-кэт', 'просится погулять на улицу', 'не ходит на лоток', 3, 3, ''),
       (4, '2023-04-14 11:45:41',   'Натуральное', 'ведёт себя беспокойно', 'отказывается от пищи',4, 4,  '');

--handset zalex14:7
-- Таблица сообщений
INSERT INTO messages
(id, message_time, comment, telegram_id, shelter_id, is_reply)
VALUES (1, '2023-04-14 11:45:41', 'Тестовое сообщение 1', 45634134, 1, false),
       (2, '2023-04-14 11:45:41', 'Тестовое сообщение 2', 43534189, 2, true);